param_index,value
1,0.22280281929550586
2,5.000000499999773
3,7.915138881039847
