param_index,value
1,0.22280281914782837
2,5.000000499949199
3,7.915138887068982
