param_index,value
1,0.3088913053766938
2,5.000000499997085
3,4.675334200885502
