param_index,value
1,4526.669381753716
2,0.28806127180009433
3,1.3030757416273295
4,1.8181154246681548
5,12.453874322719798
