model,sse,weighted_sse,aic,bic,n_params,delta_bic
theta_logistic_hill_kill,0.0015769290760546848,0.0015769290760546848,-21.35428122839631,-24.422809422796856,5,0.0
theta_logistic_hill_inhibition,0.23696570241463458,0.23696570241463458,-3.3045368999570677,-5.759359455477505,4,18.66344996731935
transit_chain_erlang,1.0e12,1.0e12,114.97890701923463,111.91037882483408,5,136.33318824763094
pkpd_inhibition,1.0e12,1.0e12,116.97890701923463,113.29667318595396,6,137.7194826087508
