param_index,value
1,2.5000005
2,5.0000000005e6
3,2.5000005
4,5.0000000005e6
