Model,Params,BIC,SSR
Logistic,"[0.2972290575563099, 110.49829489454102]",14.663848431308061,26.977183258247454
Gompertz,"[0.11270616641355442, 7.9962940783214975, 149.99999999999986]",26.507931575258745,63.671419991857796
