Model,Params,BIC,SSR
Logistic,"[0.3869322851329577, 75.1815572437821]",16.34774450165031,31.43974651935042
Gompertz,"[0.1261767568048895, 7.349491039672779, 149.99999999999997]",20.43268676807081,36.65100368664902
