Dataset,Params,BIC,SSR
Fast Growth,"[0.6280793381171359, 22.991902457025397]",-1.3709115303529864,3.3005572452627603
Slow Growth,"[0.2955228270756885, 28.08338645141776]",-1.0085964130779024,4.937633564599605
Medium Growth,"[0.39598921019338756, 32.93540684375896]",3.5215116310685857,5.9383120005452135
