Dataset,Params,BIC,SSR
Fast Growth,"[0.7119926352418231, 27.163869785203502]",7.248992836207199,11.30795234926162
Slow Growth,"[0.20212524373344096, 99.99999999999561]",11.998951287844658,20.950641340259562
Medium Growth,"[0.40923500879864294, 34.912078493051766]",8.980112462847647,14.749242466938785
