model,sse,weighted_sse,aic,bic,n_params,delta_bic
gompertz_growth,37.264763365039755,37.264763365039755,19.705872160944956,21.62304414979073,3,0.0
logistic_growth,81.96048689908852,81.96048689908852,28.740519082012376,30.018633741242894,2,8.395589591452165
