model,sse,weighted_sse,aic,bic,n_params,delta_bic
gompertz_growth,147.9038957650533,147.9038957650533,36.13987272139624,37.594592670760235,3,0.0
logistic_growth,185.40021869881286,185.40021869881286,36.85132219537967,37.821135494955676,2,0.22654282419544103
