model,sse,weighted_sse,aic,bic,n_params,delta_bic
gompertz_growth,37.26476336503846,37.26476336503846,19.70587216094447,21.623044149790246,3,0.0
logistic_growth,81.96048689908852,81.96048689908852,28.740519082012376,30.018633741242894,2,8.395589591452648
