start_id,objective,converged,retcode,aic,bic,params
18,147.9038957650533,true,Success,36.13987272139624,37.594592670760235,"[0.3088913053766938, 5.000000499997085, 4.675334200885502]"
17,147.9038957650841,true,Success,36.13987272139874,37.59459267076274,"[0.30889130542493515, 5.0000005000046235, 4.675334200301641]"
15,147.9038957650962,true,Success,36.13987272139972,37.59459267076372,"[0.30889130537620985, 5.0000004984627155, 4.6753342008903545]"
9,147.90389576510225,true,Success,36.13987272140021,37.594592670764214,"[0.30889130537776627, 5.000000499960434, 4.675334200875448]"
11,147.90389576511237,true,Success,36.13987272140103,37.594592670765024,"[0.30889130537615445, 5.000000500001324, 4.675334200890369]"
