start_id,objective,converged,retcode,aic,bic,params
11,37.264763365039755,true,Success,19.705872160944956,21.62304414979073,"[0.22280281914782837, 5.000000499949199, 7.915138887068982]"
3,37.264763365043486,true,Success,19.705872160946356,21.62304414979213,"[0.22280281929591964, 5.000000499989001, 7.915138881021337]"
2,37.26476336504437,true,Success,19.705872160946683,21.62304414979246,"[0.22280281919259504, 5.000000500017553, 7.915138885241246]"
9,37.264763365050065,true,Success,19.70587216094883,21.6230441497946,"[0.2228028192955788, 5.000000499995111, 7.915138881036799]"
16,37.26476336505396,true,Success,19.70587216095029,21.623044149796065,"[0.22280281929552717, 5.000000500001096, 7.915138881039816]"
