time,observed,pred_gompertz_growth,pred_logistic_growth
0.0,1.0,1.0,1.0
1.0,1.5,1.5116343727447572,1.3091565481897054
2.0,2.2,2.104035628382936,1.7138908344571977
3.0,3.0,2.7414309113155553,2.243751310195788
4.0,3.8,3.3880359556352175,2.9374214948996724
5.0,4.5,4.013743807386195,3.845544124128715
6.0,5.1,4.596751485646379,5.034418382274477
