time,observed,pred_gompertz_growth,pred_logistic_growth
0.0,1.0,1.0,1.0
1.0,1.3,1.506591908349481,1.2967422069962697
2.0,1.7,2.0355923255481105,1.6815403217253966
3.0,2.0,2.538955674343604,2.1805242194333716
4.0,2.3,2.986193369683643,2.827577590551008
5.0,2.5,3.36400007189998,3.6666388084640458
