time,observed,pred_gompertz_growth,pred_logistic_growth
0.0,1.0,1.0,1.0
1.0,1.3,1.5116343727447572,1.3091565481897054
2.0,1.9,2.104035628382936,1.7138908344571977
3.0,2.5,2.7414309113155553,2.243751310195788
4.0,3.1,3.3880359556352175,2.9374214948996724
5.0,3.6,4.013743807386195,3.845544124128715
6.0,4.0,4.596751485646379,5.034418382274477
