time,observed,pred_gompertz_growth,pred_logistic_growth
0.0,1.0,1.0,1.0
1.0,1.5,1.5116343726052537,1.3091565481897054
2.0,2.2,2.104035628136095,1.7138908344571977
3.0,3.0,2.7414309110456863,2.243751310195788
4.0,3.8,3.388035955459296,2.9374214948996724
5.0,4.5,4.013743807427757,3.845544124128715
6.0,5.1,4.596751486014669,5.034418382274477
