model,bic
gompertz_growth,21.62304414979073
logistic_growth,30.018633741242894
