model,bic
gompertz_growth,21.623044149790246
logistic_growth,30.018633741242894
