model,bic
gompertz_growth,37.594592670760235
logistic_growth,37.821135494955676
