model,sse,weighted_sse,aic,bic,n_params,delta_bic
theta_logistic_hill_kill,0.059138777483482834,0.059138777483482834,-17.717767433403672,-18.7589700872634,5,0.0
theta_logistic_hill_inhibition,1.230177337408735,1.230177337408735,-1.5076068008867747,-2.340568923974555,4,16.418401163288845
transit_chain_erlang,1.0e12,1.0e12,165.03556988020296,163.99436722634323,5,182.75333731360664
pkpd_inhibition,1.0e12,1.0e12,167.03556988020296,165.78612669557128,6,184.5450967828347
