time,observed,pred_gompertz_growth,pred_logistic_growth
0.0,1.0,1.0,1.0
1.0,1.3,1.3507789106057324,1.3089054152417345
2.0,1.8,1.7573344490535965,1.713233352916081
3.0,2.2,2.2123233536818,2.2424603144664474
