model,bic
gompertz_growth,-4.535499875862352
logistic_growth,-3.0155670354373556
