param_index,value
1,4597.607788721238
2,0.42437352865635747
3,2.843619997369194
4,0.10000000001626674
5,11.541047036691891
