model,sse,weighted_sse,aic,bic,n_params,delta_bic
gompertz_growth,0.45507120458318423,0.45507120458318423,-2.6943829592220236,-4.535499875862352,3,0.0
logistic_growth,0.9410635771402658,0.9410635771402658,-1.7881557576771367,-3.0155670354373556,2,1.5199328404249965
