start_id,objective,converged,retcode,aic,bic,params
1,0.45507120458318423,true,Success,-2.6943829592220236,-4.535499875862352,"[11.098005405398712, 0.1334533878924035, 5.000000500000085]"
13,0.4550712045846976,true,Success,-2.6943829592087205,-4.535499875849049,"[11.098005453534963, 0.13345338760335235, 5.000000500000381]"
11,0.4550712045891588,true,Success,-2.6943829591695074,-4.535499875809836,"[11.09800538307002, 0.13345338802615284, 5.000400555174232]"
10,0.4550712045894559,true,Success,-2.694382959166896,-4.535499875807225,"[11.098005392949387, 0.1334533879668285, 5.000000500004187]"
17,0.45507120459048367,true,Success,-2.6943829591578616,-4.53549987579819,"[11.098005394495353, 0.13345338795754708, 5.000000499422975]"
