model,sse,weighted_sse,aic,bic,n_params,delta_bic
gompertz_growth,0.2001869199358592,0.2001869199358592,-14.40157931069528,-15.026300903011114,3,0.0
logistic_growth,43.77294645375719,43.77294645375719,15.92353897870097,15.50705791715708,2,30.533358820168196
