time,observed,pred_gompertz_growth,pred_logistic_growth
0.0,1.0,1.0,1.0
1.0,1.6,1.6617919327437396,1.3601039453000046
2.0,2.4,2.3841876652476666,1.8498826939457549
3.0,3.1,3.0814309451649113,2.516032598073275
4.0,3.7,3.6977105992433983,3.422065487865528
5.0,4.2,4.209267235981526,4.654363960036508
