model,bic
gompertz_growth,-15.026300903011114
logistic_growth,15.50705791715708
