param_index,value
1,11.098005405398712
2,0.1334533878924035
3,5.000000500000085
