time,observed,pred_theta_logistic_hill_kill,pred_theta_logistic_hill_inhibition,pred_transit_chain_erlang
0.0,1.0,1.0,1.0,NaN
1.0,1.3,1.3213954772740752,1.2862806800909594,NaN
2.0,1.7,1.6746086852854714,1.5995105780729495,NaN
3.0,2.0,2.0147579522410473,1.9304816643989335,NaN
4.0,2.3,2.2967977006777294,2.269613735804605,NaN
5.0,2.5,2.499707925759073,2.607872713867791,NaN
