param_index,value
1,5.786942072417642
2,0.3415050850365097
3,5.000000500002767
