model,sse,weighted_sse,aic,bic,n_params,delta_bic
null_coculture,1.0e12,1.0e12,163.03556988020296,162.20260775711517,4,0.0
lotka_volterra_competition,1.0e12,1.0e12,167.03556988020296,165.78612669557128,6,3.583518938456109
