param_index,value
1,4.05
2,2.5000005
3,2.5000005
4,5.0000000005e6
5,1.0
6,10.0
7,5000.000000005
